symbol,date,open,high,low,close,volume
JAMUNABANK,2022-01-02,23.5,23.7,23.5,23.7,386964.0
JAMUNABANK,2022-01-03,23.7,23.9,23.6,23.6,184544.0
JAMUNABANK,2022-01-04,23.5,23.6,23.4,23.5,295354.0
JAMUNABANK,2022-01-05,23.5,23.6,23.4,23.5,488117.0
JAMUNABANK,2022-01-06,23.9,24.0,23.5,23.7,388882.0
JAMUNABANK,2022-01-09,23.9,24.2,23.5,23.6,483804.0
JAMUNABANK,2022-01-10,23.8,24.0,23.5,23.7,415843.0
JAMUNABANK,2022-01-11,23.6,23.8,23.5,23.6,602143.0
JAMUNABANK,2022-01-12,23.6,23.8,23.4,23.6,438765.0
JAMUNABANK,2022-01-13,23.5,23.6,23.4,23.5,88711.0
JAMUNABANK,2022-01-16,23.5,23.7,23.4,23.5,204165.0
JAMUNABANK,2022-01-17,23.4,23.7,23.4,23.7,305454.0
JAMUNABANK,2022-01-18,23.6,23.8,23.5,23.7,360205.0
JAMUNABANK,2022-01-19,23.6,23.7,23.3,23.4,174550.0
JAMUNABANK,2022-01-20,23.3,23.7,23.3,23.6,115551.0
JAMUNABANK,2022-01-23,23.6,23.6,23.3,23.3,567725.0
JAMUNABANK,2022-01-24,23.3,23.5,23.3,23.4,376061.0
JAMUNABANK,2022-01-25,23.4,23.5,23.3,23.4,119599.0
JAMUNABANK,2022-01-26,23.4,23.5,23.2,23.4,244731.0
JAMUNABANK,2022-01-27,23.4,23.6,23.4,23.6,460796.0
JAMUNABANK,2022-01-30,23.4,23.7,23.4,23.6,304484.0
JAMUNABANK,2022-01-31,23.7,23.7,23.3,23.4,287959.0
JAMUNABANK,2022-02-01,23.5,23.7,23.4,23.6,299717.0
JAMUNABANK,2022-02-02,23.5,23.7,23.4,23.6,145052.0
JAMUNABANK,2022-02-03,23.6,23.7,23.3,23.6,426022.0
JAMUNABANK,2022-02-06,23.5,23.7,23.5,23.5,490260.0
JAMUNABANK,2022-02-07,23.5,23.6,23.4,23.5,225073.0
JAMUNABANK,2022-02-08,23.5,23.6,23.4,23.5,204403.0
JAMUNABANK,2022-02-09,23.6,23.8,23.3,23.6,412999.0
JAMUNABANK,2022-02-10,23.7,23.8,23.4,23.7,282766.0
JAMUNABANK,2022-02-13,23.5,23.9,23.4,23.8,667011.0
JAMUNABANK,2022-02-14,23.7,24.0,23.7,23.8,514099.0
JAMUNABANK,2022-02-15,23.7,23.8,23.6,23.6,424660.0
JAMUNABANK,2022-02-16,23.6,23.7,23.5,23.6,325302.0
JAMUNABANK,2022-02-17,23.5,23.7,23.4,23.5,407660.0
JAMUNABANK,2022-02-20,23.3,23.6,23.0,23.5,540254.0
JAMUNABANK,2022-02-22,23.3,23.8,23.3,23.7,355613.0
JAMUNABANK,2022-02-23,23.5,23.8,23.5,23.7,337566.0
JAMUNABANK,2022-02-24,23.5,23.6,23.3,23.3,200990.0
JAMUNABANK,2022-02-27,23.2,23.3,21.9,22.0,698761.0
JAMUNABANK,2022-02-28,22.1,22.5,22.1,22.5,200186.0
JAMUNABANK,2022-03-01,22.5,22.8,22.3,22.4,340318.0
JAMUNABANK,2022-03-02,22.5,22.8,22.3,22.7,245551.0
JAMUNABANK,2022-03-03,22.8,23.0,22.4,22.9,311782.0
JAMUNABANK,2022-03-06,22.5,23.2,22.5,23.1,172683.0
JAMUNABANK,2022-03-07,23.3,23.4,22.0,22.6,400602.0
JAMUNABANK,2022-03-08,22.9,22.9,22.1,22.8,566885.0
JAMUNABANK,2022-03-09,22.6,23.5,22.6,23.1,494366.0
JAMUNABANK,2022-03-10,23.4,23.6,23.2,23.5,241434.0
JAMUNABANK,2022-03-13,23.3,24.0,23.3,24.0,696366.0
JAMUNABANK,2022-03-14,24.0,24.2,23.9,24.0,771956.0
JAMUNABANK,2022-03-15,23.9,24.0,23.8,23.9,664397.0
JAMUNABANK,2022-03-16,23.9,24.3,23.9,24.2,825104.0
JAMUNABANK,2022-03-20,24.2,24.2,24.0,24.0,574241.0
JAMUNABANK,2022-03-21,24.0,24.3,23.9,24.3,720303.0
JAMUNABANK,2022-03-22,24.2,24.4,24.2,24.4,777304.0
JAMUNABANK,2022-03-23,24.1,24.3,24.0,24.0,387979.0
JAMUNABANK,2022-03-24,23.7,23.9,23.6,23.8,221461.0
JAMUNABANK,2022-03-27,23.8,23.9,23.6,23.8,131334.0
JAMUNABANK,2022-03-28,23.7,23.9,23.7,23.9,138704.0
JAMUNABANK,2022-03-29,23.9,23.9,23.8,23.8,220913.0
JAMUNABANK,2022-03-30,23.8,23.8,23.6,23.7,223086.0
JAMUNABANK,2022-03-31,23.3,23.7,22.2,22.9,1102826.0
JAMUNABANK,2022-04-03,22.9,22.9,22.6,22.8,222298.0
JAMUNABANK,2022-04-04,23.7,23.7,22.6,22.6,216144.0
JAMUNABANK,2022-04-05,22.6,22.9,22.4,22.7,124790.0
JAMUNABANK,2022-04-06,22.5,22.7,22.5,22.5,145132.0
JAMUNABANK,2022-04-07,22.5,22.5,22.3,22.4,306770.0
JAMUNABANK,2022-04-10,22.4,23.5,22.4,22.9,208908.0
JAMUNABANK,2022-04-11,22.8,23.0,22.7,22.8,182133.0
JAMUNABANK,2022-04-12,22.9,22.9,22.6,22.8,460769.0
JAMUNABANK,2022-04-13,22.8,23.0,22.7,22.9,582483.0
JAMUNABANK,2022-04-17,22.8,23.1,22.8,23.0,966262.0
JAMUNABANK,2022-04-18,22.9,23.4,22.8,23.3,1235949.0
JAMUNABANK,2022-04-19,23.3,23.3,22.9,22.9,594902.0
JAMUNABANK,2022-04-20,22.9,23.3,22.5,22.6,1088656.0
JAMUNABANK,2022-04-24,21.5,21.5,21.5,21.5,83839.0
JAMUNABANK,2022-04-25,21.3,21.3,20.7,20.9,354152.0
JAMUNABANK,2022-04-26,21.1,21.3,20.8,21.1,66763.0
JAMUNABANK,2022-04-27,21.0,21.2,21.0,21.0,108104.0
JAMUNABANK,2022-04-28,21.3,21.3,21.0,21.2,59368.0
JAMUNABANK,2022-05-05,21.2,21.3,21.0,21.3,65929.0
JAMUNABANK,2022-05-08,21.2,21.5,21.1,21.3,113778.0
JAMUNABANK,2022-05-09,21.2,21.5,21.2,21.4,156587.0
JAMUNABANK,2022-05-10,21.4,21.5,21.3,21.4,328516.0
JAMUNABANK,2022-05-11,21.4,21.4,20.8,20.9,289833.0
JAMUNABANK,2022-05-12,21.3,21.3,20.7,21.0,296472.0
JAMUNABANK,2022-05-16,20.8,21.0,20.0,20.1,291697.0
JAMUNABANK,2022-05-17,20.3,20.5,20.0,20.1,197043.0
JAMUNABANK,2022-05-18,20.1,20.1,19.6,19.7,124760.0
JAMUNABANK,2022-05-19,19.8,19.9,19.2,19.4,217576.0
JAMUNABANK,2022-05-22,19.2,19.7,19.1,19.2,270874.0
JAMUNABANK,2022-05-23,19.7,20.4,19.5,20.0,336208.0
JAMUNABANK,2022-05-24,20.0,20.6,19.8,20.5,332537.0
JAMUNABANK,2022-05-25,20.4,20.7,20.0,20.5,862404.0
JAMUNABANK,2022-05-26,20.6,20.6,20.3,20.5,263395.0
JAMUNABANK,2022-05-29,20.5,20.7,20.4,20.6,557529.0
JAMUNABANK,2022-05-30,20.6,21.3,20.6,21.3,389738.0
JAMUNABANK,2022-05-31,21.0,21.7,21.0,21.6,368081.0
JAMUNABANK,2022-06-01,21.6,21.8,21.5,21.8,411527.0
JAMUNABANK,2022-06-02,21.8,22.1,21.8,22.1,624071.0
JAMUNABANK,2022-06-05,21.9,22.2,21.9,22.2,500614.0
JAMUNABANK,2022-06-06,22.0,22.1,21.9,22.1,316804.0
JAMUNABANK,2022-06-07,22.1,22.3,21.8,21.9,522411.0
JAMUNABANK,2022-06-08,21.7,22.0,21.7,22.0,268402.0
JAMUNABANK,2022-06-09,21.9,22.0,21.8,21.9,139056.0
JAMUNABANK,2022-06-12,22.0,22.1,21.8,21.8,439393.0
JAMUNABANK,2022-06-13,21.6,22.0,21.5,21.9,242770.0
JAMUNABANK,2022-06-14,21.9,21.9,21.7,21.8,336750.0
JAMUNABANK,2022-06-15,21.8,21.9,21.5,21.6,383148.0
JAMUNABANK,2022-06-16,21.5,21.9,21.5,21.8,276518.0
JAMUNABANK,2022-06-19,21.5,21.9,21.5,21.7,382370.0
JAMUNABANK,2022-06-20,21.5,21.8,21.5,21.5,430229.0
JAMUNABANK,2022-06-21,21.4,21.7,21.3,21.3,383565.0
JAMUNABANK,2022-06-22,21.5,21.6,21.2,21.4,242846.0
JAMUNABANK,2022-06-23,21.9,21.9,21.2,21.3,465646.0
JAMUNABANK,2022-06-26,21.7,21.7,21.1,21.4,89335.0
JAMUNABANK,2022-06-27,21.6,21.8,21.4,21.7,186040.0
JAMUNABANK,2022-06-28,21.7,21.8,21.5,21.7,205826.0
JAMUNABANK,2022-06-29,21.5,21.9,21.4,21.9,995816.0
JAMUNABANK,2022-06-30,21.9,22.7,21.7,22.5,619734.0
JAMUNABANK,2022-07-03,22.7,22.7,22.5,22.7,261610.0
JAMUNABANK,2022-07-04,22.7,23.0,22.4,22.6,413972.0
JAMUNABANK,2022-07-05,22.6,22.7,22.5,22.5,736603.0
JAMUNABANK,2022-07-06,22.5,22.6,22.5,22.5,376985.0
JAMUNABANK,2022-07-07,22.4,22.7,22.4,22.6,310618.0
JAMUNABANK,2022-07-12,23.0,23.2,22.5,22.6,148054.0
JAMUNABANK,2022-07-13,22.5,22.7,22.5,22.6,290416.0
JAMUNABANK,2022-07-14,22.5,22.7,22.5,22.6,322833.0
JAMUNABANK,2022-07-17,22.5,22.6,22.5,22.5,392843.0
JAMUNABANK,2022-07-18,22.4,22.5,22.1,22.2,642912.0
JAMUNABANK,2022-07-19,21.9,22.4,21.8,22.0,374563.0
JAMUNABANK,2022-07-20,22.0,22.0,21.8,21.9,279130.0
JAMUNABANK,2022-07-21,21.9,22.3,21.6,21.7,315628.0
JAMUNABANK,2022-07-24,21.7,21.9,21.3,21.3,207356.0
JAMUNABANK,2022-07-25,21.0,21.4,20.9,21.2,99733.0
JAMUNABANK,2022-07-26,21.5,21.8,21.3,21.6,118774.0
JAMUNABANK,2022-07-27,21.5,21.8,21.2,21.3,148735.0
JAMUNABANK,2022-07-28,21.0,21.6,21.0,21.4,66337.0
JAMUNABANK,2022-07-31,21.5,21.8,21.4,21.8,231103.0
JAMUNABANK,2022-08-01,21.8,22.3,21.7,22.2,407961.0
JAMUNABANK,2022-08-02,21.9,22.6,21.9,22.5,513586.0
JAMUNABANK,2022-08-03,22.4,23.0,22.4,22.7,595871.0
JAMUNABANK,2022-08-04,22.8,22.8,22.3,22.4,706285.0
JAMUNABANK,2022-08-07,22.5,22.6,22.2,22.3,312192.0
JAMUNABANK,2022-08-08,22.3,22.4,22.0,22.0,122210.0
JAMUNABANK,2022-08-10,22.2,22.2,21.7,21.8,176699.0
JAMUNABANK,2022-08-11,21.7,21.9,21.5,21.8,76316.0
JAMUNABANK,2022-08-14,21.8,22.2,21.7,22.2,394817.0
JAMUNABANK,2022-08-16,22.2,22.2,21.7,21.8,132155.0
JAMUNABANK,2022-08-17,21.7,22.0,21.6,21.9,52994.0
JAMUNABANK,2022-08-21,22.3,22.4,21.7,21.8,53685.0
JAMUNABANK,2022-08-22,21.8,22.1,21.5,21.6,200320.0
JAMUNABANK,2022-08-23,21.7,22.0,21.5,21.6,214626.0
JAMUNABANK,2022-08-24,21.9,22.0,21.6,21.7,89108.0
JAMUNABANK,2022-08-25,21.7,21.9,21.6,21.6,245536.0
JAMUNABANK,2022-08-28,21.7,22.1,21.6,21.9,513450.0
JAMUNABANK,2022-08-29,21.9,21.9,21.7,21.8,303285.0
JAMUNABANK,2022-08-30,21.9,22.0,21.7,21.7,261239.0
JAMUNABANK,2022-08-31,21.7,21.9,21.7,21.9,289427.0
JAMUNABANK,2022-09-01,21.7,22.0,21.7,21.8,423801.0
JAMUNABANK,2022-09-04,21.7,21.9,21.3,21.4,516817.0
JAMUNABANK,2022-09-05,21.5,21.7,21.4,21.6,120301.0
JAMUNABANK,2022-09-06,21.4,21.7,21.3,21.7,723352.0
JAMUNABANK,2022-09-07,21.6,21.6,21.3,21.4,664276.0
JAMUNABANK,2022-09-08,21.5,21.6,21.4,21.5,752456.0
JAMUNABANK,2022-09-11,21.5,21.6,21.3,21.3,759602.0
JAMUNABANK,2022-09-12,21.6,21.6,21.3,21.3,203293.0
JAMUNABANK,2022-09-13,21.3,21.5,21.3,21.3,301434.0
JAMUNABANK,2022-09-14,21.3,21.4,21.3,21.3,299024.0
JAMUNABANK,2022-09-15,21.3,21.3,21.3,21.3,41586.0
JAMUNABANK,2022-09-18,21.3,21.3,21.3,21.3,155214.0
JAMUNABANK,2022-09-19,21.3,21.3,21.3,21.3,25840.0
JAMUNABANK,2022-09-20,21.3,21.3,21.3,21.3,100850.0
JAMUNABANK,2022-09-21,21.3,21.3,21.3,21.3,33610.0
JAMUNABANK,2022-09-22,21.3,21.3,21.3,21.3,137237.0
JAMUNABANK,2022-09-25,21.3,21.3,21.3,21.3,444320.0
JAMUNABANK,2022-09-26,21.3,21.6,21.3,21.3,695735.0
JAMUNABANK,2022-09-27,21.3,21.3,21.3,21.3,132832.0
JAMUNABANK,2022-09-28,21.3,21.3,21.3,21.3,822051.0
JAMUNABANK,2022-09-29,21.3,21.5,21.3,21.3,128492.0
JAMUNABANK,2022-10-02,21.3,21.3,21.3,21.3,167696.0
JAMUNABANK,2022-10-03,21.3,21.6,21.3,21.3,200115.0
JAMUNABANK,2022-10-04,21.3,21.5,21.3,21.3,135708.0
JAMUNABANK,2022-10-06,21.4,21.4,21.3,21.3,104891.0
JAMUNABANK,2022-10-10,21.3,21.4,21.3,21.3,920993.0
JAMUNABANK,2022-10-11,21.4,21.4,21.3,21.3,65063.0
JAMUNABANK,2022-10-12,21.3,21.3,21.3,21.3,224738.0
JAMUNABANK,2022-10-13,21.3,21.4,21.3,21.3,32632.0
JAMUNABANK,2022-10-16,21.3,21.4,21.3,21.3,716970.0
JAMUNABANK,2022-10-17,21.3,21.4,21.3,21.3,20993.0
JAMUNABANK,2022-10-18,21.3,21.3,21.3,21.3,11676.0
JAMUNABANK,2022-10-19,21.3,21.3,21.3,21.3,53012.0
JAMUNABANK,2022-10-20,21.3,21.3,21.3,21.3,58740.0
JAMUNABANK,2022-10-23,21.3,21.3,21.3,21.3,4560.0
JAMUNABANK,2022-10-25,21.3,21.3,21.3,21.3,24223.0
JAMUNABANK,2022-10-26,21.3,21.3,21.3,21.3,264935.0
JAMUNABANK,2022-10-27,21.3,21.4,21.3,21.3,226423.0
JAMUNABANK,2022-10-30,21.3,21.4,21.3,21.3,294943.0
JAMUNABANK,2022-10-31,21.3,21.4,21.3,21.3,25902.0
JAMUNABANK,2022-11-01,21.3,21.3,21.3,21.3,44823.0
JAMUNABANK,2022-11-02,21.3,21.3,21.3,21.3,8092.0
JAMUNABANK,2022-11-03,21.3,21.3,21.3,21.3,3953.0
JAMUNABANK,2022-11-06,21.3,21.3,21.3,21.3,11819.0
JAMUNABANK,2022-11-07,21.3,21.3,21.3,21.3,2495.0
JAMUNABANK,2022-11-08,21.3,21.3,21.3,21.3,82114.0
JAMUNABANK,2022-11-09,21.3,21.3,21.3,21.3,1500.0
JAMUNABANK,2022-11-10,21.3,21.3,21.3,21.3,100.0
JAMUNABANK,2022-11-13,21.3,21.3,21.3,21.3,6700.0
JAMUNABANK,2022-11-14,21.3,21.3,21.3,21.3,1700.0
JAMUNABANK,2022-11-15,21.3,21.3,21.3,21.3,500.0
JAMUNABANK,2022-11-16,21.3,21.3,21.3,21.3,110.0
JAMUNABANK,2022-11-17,21.3,21.3,21.3,21.3,9995.0
JAMUNABANK,2022-11-20,21.3,21.3,21.3,21.3,200.0
JAMUNABANK,2022-11-21,21.3,21.3,21.3,21.3,6965.0
JAMUNABANK,2022-11-22,21.3,21.3,21.3,21.3,200.0
JAMUNABANK,2022-11-23,21.3,21.3,21.3,21.3,1712.0
JAMUNABANK,2022-11-24,21.3,21.3,21.3,21.3,910.0
JAMUNABANK,2022-11-27,21.3,21.3,21.3,21.3,460.0
JAMUNABANK,2022-11-28,21.3,21.3,21.3,21.3,25664.0
JAMUNABANK,2022-11-29,21.3,21.3,21.3,21.3,401.0
JAMUNABANK,2022-11-30,21.3,21.3,21.3,21.3,5200.0
JAMUNABANK,2022-12-01,21.3,21.3,21.3,21.3,4059.0
JAMUNABANK,2022-12-04,21.3,21.3,21.3,21.3,804.0
JAMUNABANK,2022-12-05,21.3,21.3,21.3,21.3,94.0
JAMUNABANK,2022-12-06,21.3,21.3,21.3,21.3,1068.0
JAMUNABANK,2022-12-07,21.3,21.3,21.3,21.3,10808.0
JAMUNABANK,2022-12-08,21.3,21.3,21.3,21.3,20350.0
JAMUNABANK,2022-12-11,21.3,21.3,21.3,21.3,582.0
JAMUNABANK,2022-12-12,21.3,21.3,21.3,21.3,1100.0
JAMUNABANK,2022-12-13,21.3,21.3,21.3,21.3,2030.0
JAMUNABANK,2022-12-14,21.3,21.3,21.3,21.3,2730.0
JAMUNABANK,2022-12-15,21.3,21.3,21.3,21.3,2287.0
JAMUNABANK,2022-12-18,21.3,21.3,21.3,21.3,48.0
JAMUNABANK,2022-12-19,21.3,21.3,21.3,21.3,5.0
JAMUNABANK,2022-12-20,21.3,21.3,21.3,21.3,505.0
JAMUNABANK,2022-12-21,21.3,21.3,21.3,21.3,201.0
JAMUNABANK,2022-12-22,21.3,21.3,21.3,21.3,25916.0
JAMUNABANK,2022-12-26,21.3,21.3,21.3,21.3,3036.0
JAMUNABANK,2022-12-27,21.3,21.3,21.3,21.3,10084.0
JAMUNABANK,2022-12-28,21.3,21.3,21.3,21.3,14302.0
JAMUNABANK,2022-12-29,21.3,21.3,21.3,21.3,14105.0
JAMUNABANK,2023-01-01,21.3,21.3,21.3,21.3,2000.0
JAMUNABANK,2023-01-02,21.3,21.3,21.3,21.3,1633.0
JAMUNABANK,2023-01-03,21.3,21.3,21.3,21.3,6662.0
JAMUNABANK,2023-01-04,21.3,21.3,21.3,21.3,5925.0
JAMUNABANK,2023-01-05,21.3,21.3,21.3,21.3,3243.0
JAMUNABANK,2023-01-08,21.3,21.3,21.3,21.3,1500.0
JAMUNABANK,2023-01-09,21.3,21.3,21.3,21.3,2000.0
JAMUNABANK,2023-01-10,21.3,21.3,21.3,21.3,3506.0
JAMUNABANK,2023-01-11,21.3,21.3,21.3,21.3,1100.0
JAMUNABANK,2023-01-12,21.3,21.3,21.3,21.3,23.0
JAMUNABANK,2023-01-15,21.3,21.3,21.3,21.3,25435.0
JAMUNABANK,2023-01-16,21.3,21.3,21.3,21.3,73742.0
JAMUNABANK,2023-01-17,21.3,21.3,21.3,21.3,68498.0
JAMUNABANK,2023-01-18,21.3,21.3,21.3,21.3,50045.0
JAMUNABANK,2023-01-19,21.3,21.3,21.3,21.3,11202.0
JAMUNABANK,2023-01-22,21.3,21.3,21.3,21.3,25041.0
JAMUNABANK,2023-01-23,21.3,21.3,21.3,21.3,203165.0
JAMUNABANK,2023-01-24,21.3,21.3,21.3,21.3,244123.0
JAMUNABANK,2023-01-25,21.3,21.8,21.3,21.4,263909.0
JAMUNABANK,2023-01-26,21.3,21.3,21.3,21.3,208615.0
JAMUNABANK,2023-01-29,21.3,21.5,21.3,21.3,50463.0
JAMUNABANK,2023-01-30,21.3,21.3,21.3,21.3,6211.0
JAMUNABANK,2023-01-31,21.3,21.6,21.3,21.4,175752.0
JAMUNABANK,2023-02-01,21.3,21.5,21.3,21.3,61076.0
JAMUNABANK,2023-02-02,21.4,21.7,21.3,21.5,105070.0
JAMUNABANK,2023-02-05,21.3,21.6,21.3,21.4,30101.0
JAMUNABANK,2023-02-06,21.3,21.5,21.3,21.4,16071.0
JAMUNABANK,2023-02-07,21.4,21.4,21.3,21.3,159990.0
JAMUNABANK,2023-02-08,21.3,21.4,21.3,21.3,132991.0
JAMUNABANK,2023-02-09,21.3,21.4,21.3,21.3,259919.0
JAMUNABANK,2023-02-12,21.3,21.3,21.3,21.3,133711.0
JAMUNABANK,2023-02-13,21.3,21.3,21.3,21.3,359507.0
JAMUNABANK,2023-02-14,21.3,21.4,21.3,21.3,287264.0
JAMUNABANK,2023-02-15,21.3,21.4,21.3,21.3,5474.0
JAMUNABANK,2023-02-16,21.3,21.3,21.3,21.3,43323.0
JAMUNABANK,2023-02-19,21.3,21.4,21.3,21.4,114951.0
JAMUNABANK,2023-02-20,21.3,21.3,21.3,21.3,32653.0
JAMUNABANK,2023-02-22,21.3,21.3,21.3,21.3,5086.0
JAMUNABANK,2023-02-23,21.3,21.3,21.3,21.3,840.0
JAMUNABANK,2023-02-26,21.3,21.3,21.3,21.3,350.0
JAMUNABANK,2023-02-28,21.3,21.3,21.3,21.3,5025.0
JAMUNABANK,2023-03-01,21.3,21.3,21.3,21.3,22785.0
JAMUNABANK,2023-03-01,21.3,21.3,21.3,21.3,22785.0
JAMUNABANK,2023-03-02,21.3,21.3,21.3,21.3,22616.0
JAMUNABANK,2023-03-05,21.3,21.4,21.3,21.3,13178.0
JAMUNABANK,2023-03-06,21.3,21.4,21.3,21.3,64531.0
JAMUNABANK,2023-03-07,21.3,21.4,21.3,21.4,86600.0
JAMUNABANK,2023-03-09,21.3,21.4,21.3,21.3,107647.0
JAMUNABANK,2023-03-12,21.4,21.4,21.3,21.3,83126.0
JAMUNABANK,2023-03-13,21.3,21.4,21.3,21.3,124828.0
JAMUNABANK,2023-03-14,21.3,21.3,21.3,21.3,2355.0
JAMUNABANK,2023-03-15,21.3,21.3,21.3,21.3,3613.0
JAMUNABANK,2023-03-16,21.3,21.3,21.3,21.3,11053.0
JAMUNABANK,2023-03-19,21.3,21.3,21.3,21.3,121749.0
JAMUNABANK,2023-03-20,21.3,21.3,21.3,21.3,35164.0
JAMUNABANK,2023-03-21,21.3,21.3,21.3,21.3,90600.0
JAMUNABANK,2023-03-22,21.3,21.3,21.3,21.3,23897.0
JAMUNABANK,2023-03-23,21.3,21.3,21.3,21.3,11196.0
JAMUNABANK,2023-03-27,21.3,21.3,21.3,21.3,15046.0
JAMUNABANK,2023-03-28,21.3,21.3,21.3,21.3,5050.0
JAMUNABANK,2023-03-29,21.3,21.3,21.3,21.3,3753.0
JAMUNABANK,2023-03-30,21.3,21.3,21.3,21.3,12497.0
JAMUNABANK,2023-04-02,21.3,21.3,21.3,21.3,18734.0
JAMUNABANK,2023-04-03,21.3,21.3,21.3,21.3,13120.0
JAMUNABANK,2023-04-04,21.3,21.4,21.3,21.3,68518.0
JAMUNABANK,2023-04-05,21.3,21.3,21.3,21.3,36010.0
JAMUNABANK,2023-04-06,21.3,21.4,21.3,21.3,328199.0
JAMUNABANK,2023-04-09,21.3,21.4,21.3,21.3,95468.0
JAMUNABANK,2023-04-10,21.3,21.4,21.3,21.3,80355.0
JAMUNABANK,2023-04-11,21.3,21.3,21.3,21.3,15101.0
JAMUNABANK,2023-04-12,21.3,21.3,21.3,21.3,118479.0
JAMUNABANK,2023-04-13,21.3,21.4,21.3,21.3,77695.0
JAMUNABANK,2023-04-16,21.3,21.4,21.3,21.3,58984.0
JAMUNABANK,2023-04-17,21.4,21.5,21.3,21.3,20175.0
JAMUNABANK,2023-04-18,21.3,21.4,21.3,21.3,25258.0
JAMUNABANK,2023-04-24,21.4,21.4,21.3,21.3,183754.0
JAMUNABANK,2023-04-24,21.4,21.4,21.3,21.3,183754.0
JAMUNABANK,2023-04-25,21.3,21.3,21.3,21.3,13491.0
JAMUNABANK,2023-04-25,21.3,21.3,21.3,21.3,13491.0
JAMUNABANK,2023-04-26,21.3,21.3,21.3,21.3,64584.0
JAMUNABANK,2023-04-26,21.3,21.3,21.3,21.3,64584.0
JAMUNABANK,2023-04-27,21.3,21.4,21.3,21.3,31844.0
JAMUNABANK,2023-04-27,21.3,21.4,21.3,21.3,31844.0
JAMUNABANK,2023-04-30,21.4,22.3,21.4,22.2,1152685.0
JAMUNABANK,2023-04-30,21.4,22.3,21.4,22.2,1152685.0
JAMUNABANK,2023-05-02,22.0,23.0,22.0,22.8,955578.0
JAMUNABANK,2023-05-03,22.8,23.0,22.5,22.6,824479.0
JAMUNABANK,2023-05-07,22.5,22.7,22.5,22.6,947788.0
JAMUNABANK,2023-05-08,22.6,22.6,22.4,22.5,666481.0
JAMUNABANK,2023-05-09,22.5,23.0,22.5,22.9,369308.0
JAMUNABANK,2023-05-10,22.9,23.0,22.5,22.5,769795.0
JAMUNABANK,2023-05-11,22.5,22.8,22.5,22.6,872894.0
JAMUNABANK,2023-05-14,22.7,22.7,22.5,22.6,523773.0
JAMUNABANK,2023-05-15,22.6,22.7,22.5,22.6,452178.0
JAMUNABANK,2023-05-16,22.6,23.0,22.6,22.9,1233197.0
JAMUNABANK,2023-05-17,22.9,23.0,22.7,22.9,243031.0
JAMUNABANK,2023-05-18,22.8,22.9,22.6,22.7,341988.0
JAMUNABANK,2023-05-21,22.9,22.9,22.5,22.7,538857.0
JAMUNABANK,2023-05-23,20.9,20.9,20.9,20.9,25822.0
JAMUNABANK,2023-05-24,20.9,20.9,20.9,20.9,12620.0
JAMUNABANK,2023-05-25,20.9,20.9,20.9,20.9,27317.0
JAMUNABANK,2023-05-28,20.9,20.9,20.9,20.9,18889.0
JAMUNABANK,2023-05-29,20.9,20.9,20.9,20.9,9601.0
JAMUNABANK,2023-05-30,20.9,20.9,20.9,20.9,9838.0
JAMUNABANK,2023-05-31,20.9,20.9,20.9,20.9,6485.0
JAMUNABANK,2023-06-01,20.9,20.9,20.9,20.9,6727.0
JAMUNABANK,2023-06-04,20.9,20.9,20.9,20.9,2741.0
JAMUNABANK,2023-06-05,20.9,20.9,20.9,20.9,1015.0
JAMUNABANK,2023-06-06,20.9,20.9,20.9,20.9,26473.0
JAMUNABANK,2023-06-07,20.9,20.9,20.9,20.9,5531.0
JAMUNABANK,2023-06-08,20.9,20.9,20.9,20.9,1675.0
JAMUNABANK,2023-06-11,20.9,20.9,20.9,20.9,3115.0
JAMUNABANK,2023-06-12,20.9,20.9,20.9,20.9,718.0
JAMUNABANK,2023-06-13,20.9,20.9,20.9,20.9,2940.0
JAMUNABANK,2023-06-14,20.9,20.9,20.9,20.9,6425.0
JAMUNABANK,2023-06-15,20.9,20.9,20.9,20.9,387.0
JAMUNABANK,2023-06-18,20.9,20.9,20.9,20.9,134.0
JAMUNABANK,2023-06-19,20.9,20.9,20.9,20.9,515.0
JAMUNABANK,2023-06-20,20.9,20.9,20.9,20.9,3906.0
JAMUNABANK,2023-06-21,20.9,20.9,20.9,20.9,2090.0
JAMUNABANK,2023-06-22,20.9,20.9,20.9,20.9,16800.0
JAMUNABANK,2023-06-25,20.9,20.9,20.9,20.9,151160.0
JAMUNABANK,2023-06-26,20.9,20.9,20.9,20.9,55095.0
JAMUNABANK,2023-07-02,20.9,20.9,20.9,20.9,16866.0
JAMUNABANK,2023-07-03,20.9,20.9,20.9,20.9,2406.0
JAMUNABANK,2023-07-04,20.9,20.9,20.9,20.9,7593.0
JAMUNABANK,2023-07-05,20.9,20.9,20.9,20.9,7961.0
JAMUNABANK,2023-07-06,20.9,20.9,20.9,20.9,12241.0
JAMUNABANK,2023-07-09,20.9,20.9,20.9,20.9,10775.0
JAMUNABANK,2023-07-10,20.9,20.9,20.9,20.9,1833.0
JAMUNABANK,2023-07-11,20.9,20.9,20.9,20.9,32777.0
JAMUNABANK,2023-07-12,20.9,20.9,20.9,20.9,19010.0
JAMUNABANK,2023-07-13,20.9,20.9,20.9,20.9,9606.0
JAMUNABANK,2023-07-16,20.9,20.9,20.9,20.9,4717.0
JAMUNABANK,2023-07-17,20.9,20.9,20.9,20.9,1199.0
JAMUNABANK,2023-07-18,20.9,20.9,20.9,20.9,31690.0
JAMUNABANK,2023-07-19,20.9,20.9,20.9,20.9,13677.0
JAMUNABANK,2023-07-20,20.9,20.9,20.9,20.9,24658.0
JAMUNABANK,2023-07-23,20.9,20.9,20.9,20.9,13660.0
JAMUNABANK,2023-07-24,20.9,20.9,20.9,20.9,1036.0
JAMUNABANK,2023-07-25,20.9,20.9,20.9,20.9,36545.0
JAMUNABANK,2023-07-26,20.9,20.9,20.9,20.9,7300.0
JAMUNABANK,2023-07-27,20.9,20.9,20.9,20.9,18275.0
JAMUNABANK,2023-07-30,20.9,20.9,20.9,20.9,44204.0
JAMUNABANK,2023-07-31,20.9,20.9,20.9,20.9,42294.0
JAMUNABANK,2023-08-01,20.9,20.9,20.9,20.9,29657.0
JAMUNABANK,2023-08-02,20.9,20.9,20.9,20.9,13412.0
JAMUNABANK,2023-08-03,20.9,20.9,20.9,20.9,19182.0
JAMUNABANK,2023-08-06,20.9,20.9,20.9,20.9,20005.0
JAMUNABANK,2023-08-07,20.9,20.9,20.9,20.9,25970.0
JAMUNABANK,2023-08-08,20.9,20.9,20.9,20.9,46639.0
JAMUNABANK,2023-08-09,20.9,20.9,20.9,20.9,6444.0
JAMUNABANK,2023-08-10,20.9,20.9,20.9,20.9,195694.0
JAMUNABANK,2023-08-13,20.9,20.9,20.9,20.9,4773.0
JAMUNABANK,2023-08-14,20.9,20.9,20.9,20.9,16274.0
JAMUNABANK,2023-08-16,20.9,20.9,20.9,20.9,5116.0
JAMUNABANK,2023-08-17,20.9,20.9,20.9,20.9,6415.0
JAMUNABANK,2023-08-20,20.9,20.9,20.9,20.9,6658.0
JAMUNABANK,2023-08-21,20.9,20.9,20.9,20.9,414.0
JAMUNABANK,2023-08-22,20.9,20.9,20.9,20.9,11881.0
JAMUNABANK,2023-08-23,20.9,20.9,20.9,20.9,8382.0
JAMUNABANK,2023-08-24,20.9,20.9,20.9,20.9,4010.0
JAMUNABANK,2023-08-27,20.9,20.9,20.9,20.9,2103.0
JAMUNABANK,2023-08-28,20.9,20.9,20.9,20.9,9154.0
JAMUNABANK,2023-08-29,20.9,20.9,20.9,20.9,3390.0
JAMUNABANK,2023-08-30,20.9,20.9,20.9,20.9,7430.0
JAMUNABANK,2023-08-31,20.9,20.9,20.9,20.9,2100.0
JAMUNABANK,2023-09-03,20.9,20.9,20.9,20.9,3388.0
JAMUNABANK,2023-09-04,20.9,20.9,20.9,20.9,520.0
JAMUNABANK,2023-09-05,20.9,20.9,20.9,20.9,21813.0
JAMUNABANK,2023-09-07,20.9,20.9,20.9,20.9,26510.0
JAMUNABANK,2023-09-10,20.9,20.9,20.9,20.9,65535.0
JAMUNABANK,2023-09-11,20.9,20.9,20.9,20.9,604.0
JAMUNABANK,2023-09-12,20.9,20.9,20.9,20.9,541.0
JAMUNABANK,2023-09-13,20.9,20.9,20.9,20.9,222.0
JAMUNABANK,2023-09-14,20.9,20.9,20.9,20.9,580.0
JAMUNABANK,2023-09-17,20.9,20.9,20.9,20.9,120.0
JAMUNABANK,2023-09-18,20.9,20.9,20.9,20.9,18105.0
JAMUNABANK,2023-09-19,20.9,20.9,20.9,20.9,13956.0
JAMUNABANK,2023-09-20,20.9,20.9,20.9,20.9,15350.0
JAMUNABANK,2023-09-21,20.9,20.9,20.9,20.9,31857.0
JAMUNABANK,2023-09-24,20.9,20.9,20.9,20.9,11277.0
JAMUNABANK,2023-09-25,20.9,20.9,20.9,20.9,855.0
JAMUNABANK,2023-09-26,20.9,20.9,20.9,20.9,72.0
JAMUNABANK,2023-09-27,20.9,20.9,20.9,20.9,10000.0
JAMUNABANK,2023-10-01,20.9,20.9,20.9,20.9,300.0
JAMUNABANK,2023-10-02,20.9,20.9,20.9,20.9,22078.0
JAMUNABANK,2023-10-03,20.9,20.9,20.9,20.9,2412.0
JAMUNABANK,2023-10-04,20.9,20.9,20.9,20.9,1253.0
JAMUNABANK,2023-10-05,20.9,20.9,20.9,20.9,6043.0
JAMUNABANK,2023-10-08,20.9,20.9,20.9,20.9,2012.0
JAMUNABANK,2023-10-09,20.9,20.9,20.9,20.9,30.0
JAMUNABANK,2023-10-11,20.9,20.9,20.9,20.9,2800.0
JAMUNABANK,2023-10-12,20.9,20.9,20.9,20.9,4834.0
JAMUNABANK,2023-10-15,20.9,20.9,20.9,20.9,10014.0
JAMUNABANK,2023-10-16,20.9,20.9,20.9,20.9,75.0
JAMUNABANK,2023-10-17,20.9,20.9,20.9,20.9,535.0
JAMUNABANK,2023-10-18,20.9,20.9,20.9,20.9,30.0
JAMUNABANK,2023-10-19,20.9,20.9,20.9,20.9,13014.0
JAMUNABANK,2023-10-22,20.9,20.9,20.9,20.9,17.0
JAMUNABANK,2023-10-23,20.9,20.9,20.9,20.9,1005.0
JAMUNABANK,2023-10-25,20.9,20.9,20.9,20.9,7122.0
JAMUNABANK,2023-10-26,20.9,20.9,20.9,20.9,3372.0
JAMUNABANK,2023-10-29,20.9,20.9,20.9,20.9,560.0
JAMUNABANK,2023-10-30,20.9,20.9,20.9,20.9,3703.0
JAMUNABANK,2023-10-31,20.9,20.9,20.9,20.9,1010.0
JAMUNABANK,2023-11-01,20.9,20.9,20.9,20.9,2085.0
JAMUNABANK,2023-11-02,20.9,20.9,20.9,20.9,1928.0
JAMUNABANK,2023-11-05,20.9,20.9,20.9,20.9,1237.0
JAMUNABANK,2023-11-06,20.9,20.9,20.9,20.9,9187.0
JAMUNABANK,2023-11-07,20.9,20.9,20.9,20.9,200661.0
JAMUNABANK,2023-11-08,20.9,20.9,20.9,20.9,242530.0
JAMUNABANK,2023-11-09,20.9,20.9,20.9,20.9,13549.0
JAMUNABANK,2023-11-12,20.9,20.9,20.9,20.9,6885.0
JAMUNABANK,2023-11-13,20.9,20.9,20.9,20.9,80.0
JAMUNABANK,2023-11-14,20.9,20.9,20.9,20.9,1728.0
JAMUNABANK,2023-11-15,20.9,20.9,20.9,20.9,5916.0
JAMUNABANK,2023-11-16,20.9,20.9,20.9,20.9,1695.0
JAMUNABANK,2023-11-19,20.9,20.9,20.9,20.9,4779.0
JAMUNABANK,2023-11-20,20.9,20.9,20.9,20.9,178.0
JAMUNABANK,2023-11-21,20.9,20.9,20.9,20.9,11588.0
JAMUNABANK,2023-11-22,20.9,20.9,20.9,20.9,29.0
JAMUNABANK,2023-11-23,20.9,20.9,20.9,20.9,79.0
JAMUNABANK,2023-11-26,20.9,20.9,20.9,20.9,3058.0
JAMUNABANK,2023-11-27,20.9,20.9,20.9,20.9,685.0
JAMUNABANK,2023-11-28,20.9,20.9,20.9,20.9,201282.0
JAMUNABANK,2023-11-29,20.9,20.9,20.9,20.9,48237.0
JAMUNABANK,2023-11-30,20.9,20.9,20.9,20.9,102280.0
JAMUNABANK,2023-12-03,20.9,20.9,20.9,20.9,107309.0
JAMUNABANK,2023-12-04,20.9,20.9,20.9,20.9,51981.0
JAMUNABANK,2023-12-05,20.9,20.9,20.9,20.9,19124.0
JAMUNABANK,2023-12-06,20.9,20.9,20.9,20.9,103362.0
JAMUNABANK,2023-12-07,20.9,20.9,20.9,20.9,2247.0
JAMUNABANK,2023-12-10,20.9,20.9,20.9,20.9,102904.0
JAMUNABANK,2023-12-11,20.9,20.9,20.9,20.9,97684.0
JAMUNABANK,2023-12-12,20.9,20.9,20.9,20.9,11503.0
JAMUNABANK,2023-12-13,20.9,20.9,20.9,20.9,59313.0
JAMUNABANK,2023-12-14,20.9,20.9,20.9,20.9,53391.0
JAMUNABANK,2023-12-17,20.9,20.9,20.9,20.9,59950.0
JAMUNABANK,2023-12-18,20.9,20.9,20.9,20.9,58902.0
JAMUNABANK,2023-12-19,20.9,20.9,20.9,20.9,820.0
JAMUNABANK,2023-12-20,20.9,20.9,20.9,20.9,58040.0
JAMUNABANK,2023-12-21,20.9,20.9,20.9,20.9,38757.0
JAMUNABANK,2023-12-24,20.9,20.9,20.9,20.9,177.0
JAMUNABANK,2023-12-26,20.9,20.9,20.9,20.9,43945.0
JAMUNABANK,2023-12-27,20.9,21.0,20.9,20.9,235815.0
JAMUNABANK,2023-12-28,20.9,20.9,20.9,20.9,190283.0
JAMUNABANK,2024-01-01,20.9,21.0,20.9,20.9,247926.0
JAMUNABANK,2024-01-02,20.9,21.0,20.9,20.9,188211.0
JAMUNABANK,2024-01-03,20.9,20.9,20.9,20.9,6091.0
JAMUNABANK,2024-01-04,20.9,21.0,20.9,20.9,542696.0
JAMUNABANK,2024-01-08,20.9,21.3,20.9,21.2,2051925.0
JAMUNABANK,2024-01-09,21.3,21.3,20.9,20.9,1559722.0
JAMUNABANK,2024-01-10,20.9,21.0,20.9,20.9,744566.0
JAMUNABANK,2024-01-11,21.0,21.1,20.9,20.9,743067.0
JAMUNABANK,2024-01-14,20.9,20.9,20.9,20.9,276333.0
JAMUNABANK,2024-01-15,20.9,20.9,20.9,20.9,190276.0
JAMUNABANK,2024-01-16,20.9,21.0,20.9,20.9,507505.0
JAMUNABANK,2024-01-17,20.9,21.1,20.9,20.9,633414.0
JAMUNABANK,2024-01-18,20.9,21.0,20.9,20.9,355026.0
JAMUNABANK,2024-01-21,20.8,20.9,20.0,20.8,246064.0
JAMUNABANK,2024-01-22,20.8,21.1,20.8,21.1,419398.0
JAMUNABANK,2024-01-23,21.0,21.7,21.0,21.6,1436969.0
JAMUNABANK,2024-01-24,21.6,21.6,21.2,21.5,952090.0
JAMUNABANK,2024-01-25,21.3,21.4,21.1,21.2,724240.0
JAMUNABANK,2024-01-28,21.1,21.3,20.9,21.0,267073.0
JAMUNABANK,2024-01-29,20.9,21.1,20.9,20.9,266389.0
JAMUNABANK,2024-01-30,20.9,21.3,20.9,21.3,543440.0
JAMUNABANK,2024-01-31,21.1,21.3,21.0,21.2,165935.0
JAMUNABANK,2024-02-01,21.1,21.3,21.1,21.2,237986.0
JAMUNABANK,2024-02-04,21.3,21.5,21.1,21.5,793981.0
JAMUNABANK,2024-02-05,21.4,21.7,21.2,21.4,572359.0
JAMUNABANK,2024-02-06,21.4,21.5,21.2,21.3,531246.0
JAMUNABANK,2024-02-07,21.2,21.4,21.2,21.2,553236.0
JAMUNABANK,2024-02-08,21.6,21.8,21.2,21.7,1166846.0
JAMUNABANK,2024-02-11,21.7,22.9,21.6,22.8,2583046.0
JAMUNABANK,2024-02-12,23.0,23.0,22.5,22.6,1507421.0
JAMUNABANK,2024-02-13,22.6,23.1,22.4,22.6,2258856.0
JAMUNABANK,2024-02-14,22.5,22.8,22.3,22.4,603175.0
JAMUNABANK,2024-02-15,22.4,22.4,21.9,22.0,550800.0
JAMUNABANK,2024-02-18,22.3,22.3,21.6,21.7,398172.0
JAMUNABANK,2024-02-19,21.2,22.0,21.2,21.8,568922.0
JAMUNABANK,2024-02-20,21.7,22.0,21.7,21.7,379842.0
JAMUNABANK,2024-02-22,21.7,22.4,21.7,22.1,1856600.0
JAMUNABANK,2024-02-25,22.4,22.6,21.9,22.0,1052232.0
JAMUNABANK,2024-02-27,22.3,22.3,21.9,22.1,134384.0
JAMUNABANK,2024-02-28,22.1,22.1,21.8,21.9,188043.0
JAMUNABANK,2024-02-29,22.0,22.0,21.8,21.8,144424.0
JAMUNABANK,2024-03-03,21.7,22.1,21.7,21.8,222494.0
JAMUNABANK,2024-03-04,22.0,22.1,21.8,21.8,349300.0
JAMUNABANK,2024-03-05,21.6,22.0,21.6,21.8,273356.0
JAMUNABANK,2024-03-06,21.7,22.0,21.7,21.8,234882.0
JAMUNABANK,2024-03-07,22.0,22.0,21.6,21.8,653243.0
JAMUNABANK,2024-03-10,21.6,21.9,21.6,21.9,123131.0
JAMUNABANK,2024-03-11,21.8,21.9,21.8,21.8,281787.0
JAMUNABANK,2024-03-12,22.0,22.0,21.6,21.7,303106.0
JAMUNABANK,2024-03-13,21.7,21.9,21.7,21.8,1081242.0
JAMUNABANK,2024-03-14,21.7,21.9,21.4,21.5,510798.0
JAMUNABANK,2024-03-18,21.7,21.8,21.5,21.5,394294.0
JAMUNABANK,2024-03-19,21.8,21.8,21.5,21.7,250060.0
JAMUNABANK,2024-03-20,21.6,21.9,21.6,21.9,745633.0
JAMUNABANK,2024-03-21,21.7,21.9,21.7,21.9,593804.0
JAMUNABANK,2024-03-24,21.8,21.8,21.6,21.6,440129.0
JAMUNABANK,2024-03-25,21.6,21.8,21.4,21.7,603712.0
JAMUNABANK,2024-03-27,21.6,21.8,21.6,21.7,368768.0
JAMUNABANK,2024-03-28,21.7,21.8,21.6,21.7,794745.0
JAMUNABANK,2024-03-31,21.8,22.0,21.7,21.8,714335.0
JAMUNABANK,2024-04-01,22.0,22.0,21.7,21.8,780066.0
JAMUNABANK,2024-04-02,21.7,21.9,21.7,21.8,761211.0
JAMUNABANK,2024-04-03,21.9,22.0,21.8,21.9,924453.0
JAMUNABANK,2024-04-04,21.9,22.0,21.8,21.9,666799.0
JAMUNABANK,2024-04-08,21.9,22.6,21.9,22.4,904874.0
JAMUNABANK,2024-04-09,22.4,22.4,22.1,22.1,492737.0
JAMUNABANK,2024-04-15,22.0,22.1,21.9,22.0,326641.0
JAMUNABANK,2024-04-16,22.0,22.1,21.8,21.9,480666.0
JAMUNABANK,2024-04-17,21.9,22.0,21.8,21.8,288389.0
JAMUNABANK,2024-04-18,21.8,21.9,21.6,21.7,437425.0
JAMUNABANK,2024-04-21,21.6,21.7,21.5,21.6,530592.0
JAMUNABANK,2024-04-22,21.6,21.9,21.6,21.9,500483.0
JAMUNABANK,2024-04-23,22.0,22.2,21.8,21.9,399874.0
JAMUNABANK,2024-04-24,21.8,21.9,21.6,21.6,625285.0
JAMUNABANK,2024-04-25,21.9,22.1,21.3,21.5,767569.0
JAMUNABANK,2024-04-28,21.5,21.7,21.4,21.5,636762.0
JAMUNABANK,2024-04-29,21.6,21.7,21.4,21.4,628786.0
JAMUNABANK,2024-04-30,21.7,22.2,21.6,21.7,880850.0
JAMUNABANK,2024-05-02,21.8,21.9,21.7,21.8,755133.0
JAMUNABANK,2024-05-05,21.8,22.0,21.7,21.7,1337925.0
JAMUNABANK,2024-05-06,21.7,21.8,21.7,21.7,604367.0
JAMUNABANK,2024-05-07,21.8,22.0,21.7,21.9,1074965.0
JAMUNABANK,2024-05-08,21.9,22.0,21.7,21.8,1072892.0
JAMUNABANK,2024-05-09,21.8,22.0,21.7,21.8,1103231.0
JAMUNABANK,2024-05-12,21.9,22.0,21.8,21.9,1630288.0
JAMUNABANK,2024-05-13,21.9,22.0,21.7,21.8,1421124.0
JAMUNABANK,2024-05-14,21.9,21.9,21.7,21.7,2003623.0
JAMUNABANK,2024-05-15,21.9,22.0,21.7,21.8,2793067.0
JAMUNABANK,2024-05-16,21.9,22.0,21.7,21.9,1188954.0
JAMUNABANK,2024-05-19,21.9,21.9,21.7,21.8,1981489.0
JAMUNABANK,2024-05-20,21.8,21.9,21.2,21.3,3300366.0
JAMUNABANK,2024-05-21,21.5,21.7,20.7,20.8,2201475.0
JAMUNABANK,2024-05-23,20.8,21.2,20.2,20.8,2491408.0
JAMUNABANK,2024-05-27,18.7,18.7,18.7,18.7,263034.0
JAMUNABANK,2024-05-28,18.2,18.2,18.2,18.2,284903.0
JAMUNABANK,2024-05-29,17.7,17.7,17.7,17.7,304574.0
JAMUNABANK,2024-05-30,17.2,17.2,17.2,17.2,264405.0
JAMUNABANK,2024-06-02,16.7,17.0,16.7,16.9,361224.0
JAMUNABANK,2024-06-03,16.8,17.1,16.8,17.0,317448.0
JAMUNABANK,2024-06-04,17.1,17.2,17.0,17.2,293082.0
JAMUNABANK,2024-06-05,17.1,17.3,17.0,17.2,279954.0
JAMUNABANK,2024-06-06,17.1,17.3,16.9,17.2,491702.0
JAMUNABANK,2024-06-09,17.0,17.2,16.9,17.0,188957.0
JAMUNABANK,2024-06-10,16.8,17.0,16.6,16.7,257690.0
JAMUNABANK,2024-06-11,16.8,17.0,16.6,16.9,215844.0
JAMUNABANK,2024-06-12,17.2,17.2,16.6,17.0,331557.0
JAMUNABANK,2024-06-13,17.0,17.0,16.7,17.0,123463.0
JAMUNABANK,2024-06-19,17.0,17.0,16.7,17.0,58516.0
JAMUNABANK,2024-06-20,17.0,17.1,16.9,17.0,142249.0
JAMUNABANK,2024-06-23,17.1,17.2,16.9,17.0,318684.0
JAMUNABANK,2024-06-24,17.0,17.0,16.5,16.6,674784.0
JAMUNABANK,2024-06-25,16.6,16.9,16.5,16.9,459434.0
JAMUNABANK,2024-06-26,16.8,16.8,16.5,16.5,1056358.0
JAMUNABANK,2024-06-27,16.4,16.9,16.4,16.5,1019094.0
JAMUNABANK,2024-06-30,16.7,16.8,16.5,16.6,381777.0
JAMUNABANK,2024-07-02,16.6,16.9,16.6,16.8,136249.0
JAMUNABANK,2024-07-03,16.8,16.9,16.7,16.8,82914.0
JAMUNABANK,2024-07-04,16.8,17.4,16.8,17.2,827688.0
JAMUNABANK,2024-07-07,17.7,17.7,17.4,17.6,460452.0
JAMUNABANK,2024-07-08,17.8,17.8,17.4,17.7,272090.0
JAMUNABANK,2024-07-09,17.7,17.7,17.5,17.7,254887.0
JAMUNABANK,2024-07-10,17.7,17.8,17.5,17.5,632209.0
JAMUNABANK,2024-07-11,17.5,17.6,17.1,17.1,362776.0
JAMUNABANK,2024-07-14,17.6,17.6,16.7,16.8,420432.0
JAMUNABANK,2024-07-15,16.8,17.5,16.7,16.9,199339.0
JAMUNABANK,2024-07-16,17.0,17.0,16.7,16.9,198438.0
JAMUNABANK,2024-07-18,17.0,17.3,16.7,17.1,411935.0
JAMUNABANK,2024-07-24,16.8,16.9,16.6,16.7,210367.0
JAMUNABANK,2024-07-25,16.6,16.9,16.6,16.9,301980.0
JAMUNABANK,2024-07-28,17.1,17.3,16.9,17.2,430704.0
JAMUNABANK,2024-07-29,17.2,17.4,16.8,16.9,274251.0
JAMUNABANK,2024-07-30,16.9,17.1,16.8,17.0,195233.0
JAMUNABANK,2024-07-31,17.1,17.1,16.9,17.0,249077.0
JAMUNABANK,2024-08-01,17.1,17.1,16.9,17.0,155388.0
JAMUNABANK,2024-08-04,17.0,17.0,16.5,16.5,571392.0
JAMUNABANK,2024-08-06,16.9,18.0,16.9,17.3,432434.0
JAMUNABANK,2024-08-07,17.5,18.5,17.2,18.0,1445334.0
JAMUNABANK,2024-08-08,19.0,19.8,18.4,19.8,2253740.0
JAMUNABANK,2024-08-11,21.5,21.7,19.4,20.6,6559193.0
JAMUNABANK,2024-08-12,21.1,21.1,20.0,20.0,1184677.0
JAMUNABANK,2024-08-13,19.6,19.8,19.4,19.4,1387549.0
JAMUNABANK,2024-08-14,20.0,21.1,19.1,20.8,24211348.0
JAMUNABANK,2024-08-15,20.9,21.2,20.2,20.4,2771818.0
JAMUNABANK,2024-08-18,20.4,20.4,19.8,19.8,650501.0
JAMUNABANK,2024-08-19,19.4,19.8,19.3,19.4,1327979.0
JAMUNABANK,2024-08-20,19.4,19.7,19.2,19.3,332839.0
JAMUNABANK,2024-08-21,19.5,19.5,18.8,18.8,676261.0
JAMUNABANK,2024-08-22,18.5,20.0,18.5,19.8,1632532.0
JAMUNABANK,2024-08-25,20.1,20.1,19.3,19.4,1039500.0
JAMUNABANK,2024-08-27,19.6,19.6,19.0,19.3,5571926.0
JAMUNABANK,2024-08-28,19.3,19.7,19.3,19.5,398745.0
JAMUNABANK,2024-08-29,19.5,19.8,19.3,19.5,5056733.0
JAMUNABANK,2024-09-01,19.7,19.9,19.4,19.5,683098.0
JAMUNABANK,2024-09-02,19.7,19.7,19.2,19.3,1106176.0
JAMUNABANK,2024-09-03,19.3,19.4,18.9,18.9,1354065.0
JAMUNABANK,2024-09-04,19.1,19.1,18.7,18.8,760432.0
JAMUNABANK,2024-09-05,18.8,19.0,18.7,18.8,870879.0
JAMUNABANK,2024-09-08,19.1,19.1,18.6,18.8,657257.0
JAMUNABANK,2024-09-09,18.6,18.8,18.4,18.5,471318.0
JAMUNABANK,2024-09-10,18.8,18.8,18.4,18.6,664873.0
JAMUNABANK,2024-09-11,18.7,18.9,18.4,18.5,730486.0
JAMUNABANK,2024-09-12,18.7,18.8,18.4,18.6,653687.0
JAMUNABANK,2024-09-15,18.6,18.6,18.1,18.2,927556.0
JAMUNABANK,2024-09-17,18.2,18.5,18.0,18.1,373975.0
JAMUNABANK,2024-09-18,18.1,18.2,17.8,17.9,858775.0
JAMUNABANK,2024-09-19,18.2,18.3,18.0,18.3,639401.0
JAMUNABANK,2024-09-22,18.4,18.5,18.2,18.3,578505.0
JAMUNABANK,2024-09-23,18.3,18.8,18.3,18.6,997803.0
JAMUNABANK,2024-09-24,18.7,18.9,18.5,18.6,789157.0
JAMUNABANK,2024-09-25,18.6,18.8,18.3,18.4,955497.0
JAMUNABANK,2024-09-26,18.3,18.6,18.2,18.3,631873.0
JAMUNABANK,2024-09-29,18.5,18.7,18.4,18.5,603355.0
JAMUNABANK,2024-09-30,18.5,18.6,17.8,18.0,897977.0
JAMUNABANK,2024-10-01,18.3,18.3,17.9,17.9,375661.0
JAMUNABANK,2024-10-02,18.3,18.3,17.5,17.7,735169.0
JAMUNABANK,2024-10-03,17.8,18.1,17.6,17.9,695373.0
JAMUNABANK,2024-10-06,17.9,18.1,17.7,17.8,267177.0
JAMUNABANK,2024-10-07,17.8,18.0,17.7,17.9,749490.0
JAMUNABANK,2024-10-08,18.2,18.2,17.7,17.8,276623.0
JAMUNABANK,2024-10-09,17.9,18.1,17.8,18.0,620062.0
JAMUNABANK,2024-10-14,18.2,18.2,17.7,17.7,365719.0
JAMUNABANK,2024-10-15,17.7,17.9,17.6,17.8,368942.0
JAMUNABANK,2024-10-16,17.8,17.8,17.5,17.6,380422.0
JAMUNABANK,2024-10-17,17.6,17.8,17.5,17.6,447388.0
JAMUNABANK,2024-10-20,17.9,18.0,17.6,17.7,713236.0
JAMUNABANK,2024-10-21,17.7,17.9,17.5,17.9,301294.0
JAMUNABANK,2024-10-22,17.9,18.2,17.7,18.0,348589.0
JAMUNABANK,2024-10-23,17.9,18.1,17.8,17.8,326524.0
JAMUNABANK,2024-10-24,18.0,18.0,17.7,17.9,422494.0
JAMUNABANK,2024-10-27,17.8,17.9,17.1,17.4,895380.0
JAMUNABANK,2024-10-28,17.4,17.5,17.1,17.1,1312643.0
JAMUNABANK,2024-10-29,17.1,17.4,17.1,17.4,1511536.0
JAMUNABANK,2024-10-30,17.5,18.1,17.4,17.8,3024539.0
JAMUNABANK,2024-10-31,17.8,18.0,17.5,17.9,2081591.0
JAMUNABANK,2024-11-03,17.9,17.9,17.5,17.6,1146151.0
JAMUNABANK,2024-11-04,17.7,17.7,17.4,17.6,1151718.0
JAMUNABANK,2024-11-05,17.7,18.1,17.6,17.8,4774863.0
JAMUNABANK,2024-11-06,17.9,18.0,17.4,17.6,2546161.0
JAMUNABANK,2024-11-07,17.7,17.9,17.4,17.5,2380190.0
JAMUNABANK,2024-11-10,17.7,17.9,17.3,17.4,1530163.0
JAMUNABANK,2024-11-11,17.4,17.9,17.3,17.8,1127450.0
JAMUNABANK,2024-11-12,17.7,17.9,17.6,17.7,1236425.0
JAMUNABANK,2024-11-13,17.8,17.9,17.7,17.8,972424.0
JAMUNABANK,2024-11-14,17.9,19.5,17.9,19.4,10009364.0
JAMUNABANK,2024-11-17,19.6,19.9,19.0,19.2,2409497.0
JAMUNABANK,2024-11-18,19.3,19.3,18.6,18.7,2589180.0
JAMUNABANK,2024-11-19,18.7,19.9,18.7,19.7,7715636.0
JAMUNABANK,2024-11-20,19.9,19.9,19.4,19.6,3488899.0
JAMUNABANK,2024-11-21,19.6,19.7,19.2,19.4,1851377.0
JAMUNABANK,2024-11-24,19.5,19.5,18.9,19.0,2437904.0
JAMUNABANK,2024-11-25,19.0,19.3,19.0,19.1,2012252.0
JAMUNABANK,2024-11-26,19.2,19.4,18.9,19.3,1109255.0
JAMUNABANK,2024-11-27,19.4,19.9,19.2,19.8,3490874.0
JAMUNABANK,2024-11-28,19.9,20.0,19.5,19.7,3320481.0
JAMUNABANK,2024-12-01,19.7,19.7,19.3,19.4,1748201.0
JAMUNABANK,2024-12-02,19.4,19.8,19.3,19.6,2674880.0
JAMUNABANK,2024-12-03,19.6,19.8,19.5,19.7,2019088.0
JAMUNABANK,2024-12-04,19.8,20.0,19.6,19.6,1688020.0
JAMUNABANK,2024-12-05,19.7,19.9,19.4,19.7,1527147.0
JAMUNABANK,2024-12-08,19.6,19.9,19.6,19.8,2423504.0
JAMUNABANK,2024-12-09,19.9,20.0,19.6,19.7,670540.0
JAMUNABANK,2024-12-10,19.9,19.9,19.4,19.4,2069888.0
JAMUNABANK,2024-12-11,19.4,19.5,19.3,19.5,851554.0
JAMUNABANK,2024-12-12,19.6,19.6,19.3,19.5,658937.0
JAMUNABANK,2024-12-15,19.6,19.7,19.4,19.7,972202.0
JAMUNABANK,2024-12-17,19.7,19.8,19.6,19.7,1071980.0
JAMUNABANK,2024-12-18,19.6,19.8,19.5,19.7,1089687.0
JAMUNABANK,2024-12-19,19.6,19.9,19.6,19.7,591497.0
JAMUNABANK,2024-12-22,19.6,19.7,19.4,19.5,761248.0
JAMUNABANK,2024-12-23,19.5,19.6,19.4,19.5,880176.0
JAMUNABANK,2024-12-24,19.4,19.6,19.4,19.5,307559.0
JAMUNABANK,2024-12-26,19.5,19.7,19.3,19.5,684930.0
JAMUNABANK,2024-12-29,19.4,19.9,19.4,19.8,3170400.0
JAMUNABANK,2024-12-30,19.9,19.9,19.5,19.6,2658730.0
JAMUNABANK,2025-01-01,19.8,19.9,19.6,19.8,3354312.0
JAMUNABANK,2025-01-02,19.8,19.9,19.6,19.8,2793584.0
JAMUNABANK,2025-01-05,19.8,19.8,19.4,19.5,1178383.0
JAMUNABANK,2025-01-06,19.5,19.6,19.4,19.6,1299489.0
JAMUNABANK,2025-01-07,19.6,19.7,19.4,19.5,1738132.0
JAMUNABANK,2025-01-08,19.6,19.6,19.4,19.5,972752.0
JAMUNABANK,2025-01-09,19.6,19.6,19.4,19.5,3794406.0
JAMUNABANK,2025-01-12,19.5,19.5,19.2,19.3,610690.0
JAMUNABANK,2025-01-13,19.3,19.3,19.1,19.2,1268812.0
JAMUNABANK,2025-01-14,19.2,19.3,19.1,19.2,990444.0
JAMUNABANK,2025-01-15,19.2,19.2,18.8,18.9,1800529.0
JAMUNABANK,2025-01-16,18.9,19.0,18.8,19.0,695228.0
JAMUNABANK,2025-01-19,18.9,19.0,18.7,18.8,719437.0
JAMUNABANK,2025-01-20,18.8,19.0,18.8,19.0,1513018.0
JAMUNABANK,2025-01-21,19.0,19.0,18.8,18.9,1184850.0
JAMUNABANK,2025-01-22,18.9,18.9,18.7,18.8,542819.0
JAMUNABANK,2025-01-23,18.9,18.9,18.6,18.7,511526.0
JAMUNABANK,2025-01-26,18.7,18.7,18.5,18.5,966388.0
JAMUNABANK,2025-01-27,18.6,18.6,18.4,18.4,744024.0
JAMUNABANK,2025-01-28,18.4,18.6,18.3,18.3,747705.0
JAMUNABANK,2025-01-29,18.4,18.4,18.2,18.2,798274.0
JAMUNABANK,2025-01-30,18.2,18.5,18.2,18.4,1340027.0
JAMUNABANK,2025-02-02,18.5,18.6,18.4,18.5,528867.0
JAMUNABANK,2025-02-03,18.6,19.0,18.6,18.7,1600494.0
JAMUNABANK,2025-02-04,18.6,18.9,18.6,18.9,1677068.0
JAMUNABANK,2025-02-05,19.0,19.1,18.9,19.0,587889.0
JAMUNABANK,2025-02-06,19.0,19.1,18.8,18.9,1187830.0
JAMUNABANK,2025-02-09,19.0,19.0,18.7,18.9,360036.0
JAMUNABANK,2025-02-10,18.9,19.0,18.7,18.8,807508.0
JAMUNABANK,2025-02-11,19.0,19.2,18.8,19.1,736686.0
JAMUNABANK,2025-02-12,19.2,19.2,19.0,19.0,197465.0
JAMUNABANK,2025-02-13,19.0,19.3,19.0,19.2,989152.0
JAMUNABANK,2025-02-16,19.3,19.3,19.1,19.2,500652.0
JAMUNABANK,2025-02-17,19.0,19.4,19.0,19.4,1166481.0
JAMUNABANK,2025-02-18,19.4,19.4,19.2,19.2,957562.0
JAMUNABANK,2025-02-19,19.2,19.5,19.1,19.4,1123661.0
JAMUNABANK,2025-02-20,19.4,19.4,19.2,19.3,364462.0
JAMUNABANK,2025-02-23,19.2,19.5,19.1,19.4,1039100.0
JAMUNABANK,2025-02-24,19.3,19.5,19.2,19.3,359737.0
JAMUNABANK,2025-02-25,19.3,19.8,19.3,19.7,989930.0
JAMUNABANK,2025-02-26,19.4,19.8,19.4,19.6,627544.0
JAMUNABANK,2025-02-27,19.5,19.7,19.4,19.6,473012.0
JAMUNABANK,2025-03-02,19.5,19.8,19.4,19.6,611969.0
JAMUNABANK,2025-03-03,19.6,19.6,19.4,19.5,180134.0
JAMUNABANK,2025-03-04,19.5,19.5,19.4,19.4,624817.0
JAMUNABANK,2025-03-05,19.4,19.5,19.4,19.4,156313.0
JAMUNABANK,2025-03-06,19.5,19.5,19.3,19.4,91568.0
JAMUNABANK,2025-03-09,19.3,19.4,19.1,19.1,197019.0
JAMUNABANK,2025-03-10,19.3,19.4,19.1,19.3,374243.0
JAMUNABANK,2025-03-11,19.3,19.9,19.2,19.7,1173866.0
JAMUNABANK,2025-03-12,19.8,19.8,19.5,19.5,507166.0
JAMUNABANK,2025-03-13,19.6,19.7,19.5,19.6,503702.0
JAMUNABANK,2025-03-16,19.6,19.7,19.1,19.3,637739.0
JAMUNABANK,2025-03-17,19.1,19.4,19.1,19.3,261942.0
JAMUNABANK,2025-03-18,19.3,19.5,19.1,19.4,348520.0
JAMUNABANK,2025-03-19,19.4,19.5,19.3,19.4,436033.0
JAMUNABANK,2025-03-20,19.4,19.5,19.3,19.3,469165.0
JAMUNABANK,2025-03-23,19.3,19.4,19.0,19.1,640770.0
JAMUNABANK,2025-03-24,19.1,19.3,19.0,19.2,252816.0
JAMUNABANK,2025-03-25,19.3,19.6,19.2,19.5,430860.0
JAMUNABANK,2025-03-27,19.5,19.6,19.4,19.5,314432.0
JAMUNABANK,2025-04-06,19.5,19.5,19.4,19.5,590842.0
JAMUNABANK,2025-04-07,19.4,19.6,19.3,19.4,483044.0
JAMUNABANK,2025-04-08,19.4,19.4,19.2,19.3,531021.0
JAMUNABANK,2025-04-09,19.4,19.5,19.0,19.2,1482626.0
JAMUNABANK,2025-04-10,19.2,19.4,19.2,19.4,517105.0
JAMUNABANK,2025-04-13,19.5,19.5,19.2,19.3,752303.0
JAMUNABANK,2025-04-15,19.5,19.5,19.3,19.4,423245.0
JAMUNABANK,2025-04-16,19.5,19.5,19.1,19.2,434497.0
JAMUNABANK,2025-04-17,19.3,19.4,19.0,19.3,1049708.0
JAMUNABANK,2025-04-20,19.2,19.6,19.2,19.5,546220.0
JAMUNABANK,2025-04-21,19.5,19.6,18.9,19.0,1882526.0
JAMUNABANK,2025-04-22,19.0,19.0,18.8,18.9,1654541.0
JAMUNABANK,2025-04-23,19.0,19.2,18.9,19.1,1001575.0
JAMUNABANK,2025-04-24,19.1,19.1,18.9,19.1,860601.0
JAMUNABANK,2025-04-27,19.1,19.1,18.9,19.1,915720.0
JAMUNABANK,2025-04-28,19.1,19.1,18.9,19.0,1223552.0
JAMUNABANK,2025-04-29,19.1,19.1,18.8,18.9,1142036.0
JAMUNABANK,2025-04-30,18.9,19.0,18.8,18.9,864817.0
JAMUNABANK,2025-05-04,18.9,19.0,18.8,19.0,759120.0
JAMUNABANK,2025-05-05,19.0,19.0,18.9,18.9,654731.0
JAMUNABANK,2025-05-06,18.9,19.1,18.9,19.0,1771467.0
JAMUNABANK,2025-05-07,19.0,19.1,18.8,19.0,1251123.0
JAMUNABANK,2025-05-08,19.0,19.5,18.9,19.4,1671699.0
JAMUNABANK,2025-05-12,19.3,19.4,19.1,19.3,1249321.0
JAMUNABANK,2025-05-13,19.3,19.5,19.2,19.4,3752837.0
JAMUNABANK,2025-05-15,16.8,16.9,16.4,16.9,2670887.0
JAMUNABANK,2025-05-17,16.9,17.2,16.9,17.1,1106000.0
JAMUNABANK,2025-05-18,17.1,17.1,16.5,16.6,1017681.0
JAMUNABANK,2025-05-19,16.6,16.7,16.4,16.4,650713.0
JAMUNABANK,2025-05-20,16.4,16.7,16.4,16.6,474396.0
JAMUNABANK,2025-05-21,16.7,16.7,16.4,16.5,880064.0
JAMUNABANK,2025-05-22,16.6,16.6,16.4,16.5,167013.0
JAMUNABANK,2025-05-24,16.6,16.6,16.4,16.5,452737.0
JAMUNABANK,2025-05-25,16.5,16.6,16.4,16.5,401580.0
JAMUNABANK,2025-05-26,16.4,16.5,16.3,16.4,494709.0
JAMUNABANK,2025-05-27,16.3,16.5,16.2,16.2,521233.0
JAMUNABANK,2025-05-28,16.3,16.3,15.9,15.9,542124.0
JAMUNABANK,2025-05-29,16.0,16.0,15.6,16.0,545996.0
JAMUNABANK,2025-06-01,16.0,16.4,16.0,16.3,255253.0
JAMUNABANK,2025-06-02,16.4,16.9,16.4,16.8,718396.0
JAMUNABANK,2025-06-03,16.8,16.9,16.7,16.9,435670.0
JAMUNABANK,2025-06-04,16.9,17.0,16.8,16.9,234074.0
JAMUNABANK,2025-06-15,16.8,16.9,16.7,16.8,431600.0
JAMUNABANK,2025-06-16,16.8,16.9,16.7,16.9,516889.0
JAMUNABANK,2025-06-17,17.0,17.1,16.9,17.0,303570.0
JAMUNABANK,2025-06-18,17.0,17.1,16.9,17.0,407612.0
JAMUNABANK,2025-06-19,17.1,17.2,17.0,17.1,468792.0
JAMUNABANK,2025-06-22,17.0,17.2,16.9,17.1,770277.0
JAMUNABANK,2025-06-23,17.2,17.2,17.0,17.1,169218.0
JAMUNABANK,2025-06-24,17.1,17.5,17.1,17.3,814329.0
JAMUNABANK,2025-06-25,17.2,17.9,17.2,17.7,974295.0
JAMUNABANK,2025-06-26,17.5,17.8,17.5,17.8,926808.0
JAMUNABANK,2025-06-29,17.7,17.8,17.5,17.6,840154.0
JAMUNABANK,2025-06-30,17.6,17.6,17.3,17.4,742463.0
JAMUNABANK,2025-07-02,17.3,17.5,17.3,17.4,763306.0
JAMUNABANK,2025-07-03,17.3,17.7,17.3,17.6,893446.0
JAMUNABANK,2025-07-07,17.8,18.1,17.5,17.9,2493937.0
JAMUNABANK,2025-07-08,17.8,18.0,17.6,17.6,1577821.0
JAMUNABANK,2025-07-09,17.7,17.8,17.4,17.5,1958746.0
JAMUNABANK,2025-07-10,17.6,17.7,17.4,17.5,1191885.0
JAMUNABANK,2025-07-13,17.6,17.6,17.4,17.5,700258.0
JAMUNABANK,2025-07-14,17.5,17.6,17.4,17.5,648094.0
JAMUNABANK,2025-07-15,17.5,17.6,17.4,17.4,561536.0
JAMUNABANK,2025-07-16,17.4,17.6,17.4,17.6,610760.0
JAMUNABANK,2025-07-17,17.6,17.6,17.4,17.5,1268305.0
JAMUNABANK,2025-07-20,17.5,17.6,17.4,17.5,1192815.0
JAMUNABANK,2025-07-21,17.5,17.8,17.4,17.6,1662993.0
JAMUNABANK,2025-07-22,17.6,17.8,17.5,17.8,1066733.0
JAMUNABANK,2025-07-23,17.9,19.2,17.8,18.7,6780024.0
JAMUNABANK,2025-07-24,18.9,19.6,18.9,19.5,7712527.0
JAMUNABANK,2025-07-27,19.6,19.9,19.2,19.4,4843228.0
JAMUNABANK,2025-07-28,19.4,19.7,19.0,19.4,3428019.0
JAMUNABANK,2025-07-29,19.2,20.3,19.2,19.8,7224294.0
JAMUNABANK,2025-07-30,19.8,21.0,19.7,20.9,17176430.0
JAMUNABANK,2025-07-31,21.1,21.6,20.9,21.2,11986507.0
JAMUNABANK,2025-08-03,21.3,21.5,20.9,21.2,11773385.0
JAMUNABANK,2025-08-04,21.3,22.1,21.3,21.4,14616015.0
JAMUNABANK,2025-08-06,21.5,21.8,20.9,21.3,9857373.0
JAMUNABANK,2025-08-07,21.3,21.4,20.6,20.8,7045069.0
JAMUNABANK,2025-08-10,20.7,20.9,20.2,20.3,4272720.0
JAMUNABANK,2025-08-11,20.4,20.7,20.1,20.3,2997140.0
JAMUNABANK,2025-08-12,20.3,20.8,20.1,20.2,3708698.0
JAMUNABANK,2025-08-13,20.2,20.6,19.7,20.0,5443450.0
JAMUNABANK,2025-08-14,20.2,20.7,20.2,20.6,5327383.0
JAMUNABANK,2025-08-17,20.8,21.5,20.7,21.4,7935521.0
JAMUNABANK,2025-08-18,21.6,21.8,21.2,21.3,8539691.0
JAMUNABANK,2025-08-19,21.1,21.2,20.8,20.9,5101473.0
JAMUNABANK,2025-08-20,21.1,21.1,20.6,20.7,2567062.0
JAMUNABANK,2025-08-21,20.7,20.8,20.4,20.7,2644347.0
JAMUNABANK,2025-08-24,20.6,20.9,20.0,20.5,3816720.0
JAMUNABANK,2025-08-25,20.6,21.1,20.6,20.9,4327096.0
JAMUNABANK,2025-08-26,21.1,21.3,20.8,20.8,5021705.0
JAMUNABANK,2025-08-27,20.8,21.0,20.7,20.7,2342728.0
JAMUNABANK,2025-08-28,20.8,21.2,20.8,21.1,3946960.0
JAMUNABANK,2025-08-31,21.2,21.5,21.0,21.3,7231443.0
JAMUNABANK,2025-09-01,21.3,21.4,21.1,21.2,4341570.0
JAMUNABANK,2025-09-02,21.2,21.7,21.1,21.6,7865318.0
JAMUNABANK,2025-09-03,21.8,22.9,21.8,22.4,13306595.0
JAMUNABANK,2025-09-04,22.4,22.6,22.0,22.1,7178738.0
JAMUNABANK,2025-09-07,22.1,22.2,21.8,22.0,6455032.0
JAMUNABANK,2025-09-08,22.1,22.3,21.9,22.0,6187391.0
JAMUNABANK,2025-09-09,22.0,22.2,21.6,21.7,4073223.0
JAMUNABANK,2025-09-10,21.6,21.8,21.5,21.6,3099658.0
JAMUNABANK,2025-09-11,21.5,22.0,21.5,22.0,3725127.0
JAMUNABANK,2025-09-14,22.1,22.1,21.6,21.7,2314385.0
JAMUNABANK,2025-09-15,21.7,21.9,21.6,21.7,1889242.0
JAMUNABANK,2025-09-16,21.7,21.9,21.7,21.7,2651676.0
JAMUNABANK,2025-09-17,21.6,21.8,21.4,21.5,2083568.0
JAMUNABANK,2025-09-18,21.6,21.6,21.3,21.4,1624340.0
JAMUNABANK,2025-09-21,21.4,21.7,21.2,21.3,1572410.0
JAMUNABANK,2025-09-22,21.2,21.4,21.0,21.3,1607776.0
JAMUNABANK,2025-09-23,21.2,21.3,21.1,21.1,1364484.0
JAMUNABANK,2025-09-24,21.2,21.5,21.0,21.4,1247083.0
JAMUNABANK,2025-09-25,21.5,21.5,21.2,21.3,856147.0
JAMUNABANK,2025-09-28,21.4,21.4,20.8,21.1,1079605.0
JAMUNABANK,2025-09-29,21.2,21.3,20.9,21.2,1079551.0
JAMUNABANK,2025-09-30,21.4,21.5,21.2,21.2,1504973.0
JAMUNABANK,2025-10-05,21.3,21.5,21.3,21.5,1605715.0
JAMUNABANK,2025-10-06,21.6,21.7,21.3,21.4,2453247.0
JAMUNABANK,2025-10-07,21.4,21.5,21.0,21.2,1357572.0
JAMUNABANK,2025-10-08,21.0,21.3,21.0,21.1,1505412.0
JAMUNABANK,2025-10-09,21.0,21.2,20.9,21.1,716662.0
JAMUNABANK,2025-10-12,21.0,21.2,20.8,20.9,1180683.0
JAMUNABANK,2025-10-13,20.7,21.1,20.7,20.9,548199.0
JAMUNABANK,2025-10-14,21.0,21.1,20.9,20.9,660254.0
JAMUNABANK,2025-10-15,20.9,21.0,20.8,20.9,1051473.0
JAMUNABANK,2025-10-16,20.9,21.0,20.7,20.9,460738.0
JAMUNABANK,2025-10-19,21.0,21.1,20.4,20.8,616656.0
JAMUNABANK,2025-10-20,20.8,21.0,20.6,21.0,470966.0
JAMUNABANK,2025-10-21,21.0,21.1,20.8,21.0,427695.0
JAMUNABANK,2025-10-22,21.0,21.1,20.8,20.9,485871.0
JAMUNABANK,2025-10-23,20.8,21.1,20.8,21.0,2234944.0
JAMUNABANK,2025-10-26,21.0,21.1,20.9,20.9,912577.0
JAMUNABANK,2025-10-27,21.0,21.0,20.8,20.9,608978.0
JAMUNABANK,2025-10-28,20.9,21.0,20.8,20.9,233373.0
JAMUNABANK,2025-10-29,20.9,21.0,20.8,20.9,597775.0
JAMUNABANK,2025-10-30,20.9,21.0,20.8,21.0,527367.0
JAMUNABANK,2025-11-02,21.0,21.0,20.8,21.0,664404.0
JAMUNABANK,2025-11-03,20.9,21.0,20.8,21.0,623579.0
JAMUNABANK,2025-11-04,21.0,21.0,20.8,20.9,1134246.0
JAMUNABANK,2025-11-05,20.9,20.9,20.8,20.9,802190.0
JAMUNABANK,2025-11-06,20.8,21.0,20.7,21.0,1197126.0
JAMUNABANK,2025-11-09,21.0,21.0,20.8,20.9,371566.0
JAMUNABANK,2025-11-10,20.8,21.0,20.8,20.9,439545.0
JAMUNABANK,2025-11-11,20.8,21.0,20.8,20.9,115432.0
JAMUNABANK,2025-11-12,20.9,21.0,20.8,20.8,353617.0
JAMUNABANK,2025-11-13,20.9,20.9,19.9,20.4,2654781.0
